{
    "loss": 0.8548309803009033,
    "accuracy": 0.8448275923728943
}